img_filename,x,y
Dataset/1751738708.jpg,0.9226666666666666,0.4011904761904762
Dataset/1751738710.jpg,0.6066666666666667,0.6309523809523809
Dataset/1751738712.jpg,0.6533333333333333,0.8285714285714286
Dataset/1751738718.jpg,0.22866666666666666,0.9714285714285714
Dataset/1751738720.jpg,0.15266666666666667,0.13333333333333333
Dataset/1751738722.jpg,0.43866666666666665,0.1988095238095238
